date;Italy;US;India;Brazil
2020-01-22;0;1;0;0
2020-01-23;0;1;0;0
2020-01-24;0;2;0;0
2020-01-25;0;2;0;0
2020-01-26;0;5;0;0
2020-01-27;0;5;0;0
2020-01-28;0;5;0;0
2020-01-29;0;6;0;0
2020-01-30;0;6;1;0
2020-01-31;2;8;1;0
2020-02-01;2;8;1;0
2020-02-02;2;8;2;0
2020-02-03;2;11;3;0
2020-02-04;2;11;3;0
2020-02-05;2;11;3;0
2020-02-06;2;12;3;0
2020-02-07;3;12;3;0
2020-02-08;3;12;3;0
2020-02-09;3;12;3;0
2020-02-10;3;12;3;0
2020-02-11;3;13;3;0
2020-02-12;3;13;3;0
2020-02-13;3;14;3;0
2020-02-14;3;14;3;0
2020-02-15;3;14;3;0
2020-02-16;3;14;3;0
2020-02-17;3;14;3;0
2020-02-18;3;14;3;0
2020-02-19;3;14;3;0
2020-02-20;3;14;3;0
2020-02-21;20;16;3;0
2020-02-22;62;16;3;0
2020-02-23;155;16;3;0
2020-02-24;229;16;3;0
2020-02-25;322;16;3;0
2020-02-26;453;16;3;1
2020-02-27;655;17;3;1
2020-02-28;888;17;3;1
2020-02-29;1128;25;3;2
2020-03-01;1694;32;3;2
2020-03-02;2036;55;5;2
2020-03-03;2502;74;5;2
2020-03-04;3089;107;28;4
2020-03-05;3858;184;30;4
2020-03-06;4636;237;31;13
2020-03-07;5883;403;34;13
2020-03-08;7375;519;39;20
2020-03-09;9172;594;43;25
2020-03-10;10149;782;56;31
2020-03-11;12462;1147;62;38
2020-03-12;15113;1586;73;52
2020-03-13;17660;2219;82;151
2020-03-14;21157;2978;102;151
2020-03-15;24747;3212;113;162
2020-03-16;27980;4679;119;200
2020-03-17;31506;6512;142;321
2020-03-18;35713;9169;156;372
2020-03-19;41035;13663;194;621
2020-03-20;47021;20030;244;793
2020-03-21;53578;26025;330;1021
2020-03-22;59138;34944;396;1546
2020-03-23;63927;46096;499;1924
2020-03-24;69176;56714;536;2247
2020-03-25;74386;68841;657;2554
2020-03-26;80589;86662;727;2985
2020-03-27;86498;105253;887;3417
2020-03-28;92472;127417;987;3904
2020-03-29;97689;143544;1024;4256
2020-03-30;101739;165698;1251;4579
2020-03-31;105792;192079;1397;5717
2020-04-01;110574;223254;1998;6836
2020-04-02;115242;255530;2543;8044
2020-04-03;119827;287931;2567;9056
2020-04-04;124632;319776;3082;10360
2020-04-05;128948;349016;3588;11130
2020-04-06;132547;380798;4778;12161
2020-04-07;135586;410834;5311;14034
2020-04-08;139422;441897;5916;16170
2020-04-09;143626;477507;6725;18092
2020-04-10;147577;511790;7598;19638
2020-04-11;152271;540714;8446;20727
2020-04-12;156363;567022;9205;22192
2020-04-13;159516;594165;10453;23430
2020-04-14;162488;622493;11487;25262
2020-04-15;165155;648390;12322;28320
2020-04-16;168941;678028;13430;30425
2020-04-17;172434;711135;14352;33682
2020-04-18;175925;738464;15722;36658
2020-04-19;178972;763886;17615;38654
2020-04-20;181228;793970;18539;40743
2020-04-21;183957;820045;20080;43079
2020-04-22;187327;849926;21370;45757
2020-04-23;189973;881891;23077;50036
2020-04-24;192994;913856;24530;54043
2020-04-25;195351;944770;26283;59324
2020-04-26;197675;970741;27890;63100
2020-04-27;199414;995391;29451;67446
2020-04-28;201505;1019964;31324;73235
2020-04-29;203591;1046816;33062;79685
2020-04-30;205463;1076518;34863;87187
2020-05-01;207428;1111410;37257;92202
2020-05-02;209328;1138174;39699;97100
2020-05-03;210717;1161907;42505;101826
2020-05-04;211938;1185709;46437;108620
2020-05-05;213013;1209728;49400;115455
2020-05-06;214457;1234210;52987;126611
2020-05-07;215858;1261949;56351;135773
2020-05-08;217185;1289132;59695;146894
2020-05-09;218268;1313586;62808;156061
2020-05-10;219070;1332333;67161;162699
2020-05-11;219814;1351410;70768;169594
2020-05-12;221216;1374792;74292;178214
2020-05-13;222104;1394807;78055;190137
2020-05-14;223096;1420697;81997;203165
2020-05-15;223885;1445548;85784;220291
2020-05-16;224760;1469598;90648;233511
2020-05-17;225435;1488327;95698;241080
2020-05-18;225886;1510635;100328;255368
2020-05-19;226699;1531138;106475;271885
2020-05-20;227364;1553964;112028;294624
2020-05-21;228006;1579116;118226;312761
2020-05-22;228658;1602945;124794;334568
2020-05-23;229327;1623134;131423;351565
2020-05-24;229858;1643308;138536;366033
2020-05-25;230158;1662402;144950;378840
2020-05-26;230555;1681128;150793;395167
2020-05-27;231139;1699891;158086;415366
2020-05-28;231732;1721159;165386;443703
2020-05-29;232248;1746241;173491;470593
2020-05-30;232664;1769321;181827;502914
2020-05-31;232997;1788240;190609;516137
2020-06-01;233197;1806080;198370;531286
2020-06-02;233515;1826170;207191;562963
2020-06-03;233836;1845326;216824;589048
2020-06-04;234013;1873260;226713;621002
2020-06-05;234531;1899700;236184;653103
2020-06-06;234801;1919969;246622;676893
2020-06-07;234998;1937795;257486;694881
2020-06-08;235278;1954695;265928;712219
2020-06-09;235561;1975016;276146;743917
2020-06-10;235763;1996734;286605;777707
2020-06-11;236142;2019012;297535;806399
2020-06-12;236305;2044570;308993;830681
2020-06-13;236651;2068727;320922;851911
2020-06-14;236989;2087628;332424;868705
2020-06-15;237290;2108627;343091;893322
2020-06-16;237500;2133176;354065;930305
2020-06-17;237828;2160226;366946;961230
2020-06-18;238159;2188453;380532;986750
2020-06-19;238011;2219507;395048;1042809
2020-06-20;238275;2251333;410451;1106332
2020-06-21;238499;2277169;425282;1086536
2020-06-22;238720;2306970;440215;1114728
2020-06-23;238833;2345699;456183;1154255
2020-06-24;239410;2381950;473105;1195288
2020-06-25;239706;2421249;490401;1236752
2020-06-26;239961;2470295;508953;1281636
2020-06-27;240136;2511049;528859;1318556
2020-06-28;240310;2553974;548318;1351439
2020-06-29;240436;2595270;566840;1372989
2020-06-30;240578;2645093;585481;1412669
2020-07-01;240760;2694216;604641;1459494
2020-07-02;240961;2749159;625544;1503895
2020-07-03;241184;2800664;648315;1546935
2020-07-04;241419;2846609;673165;1580502
2020-07-05;241611;2900337;697413;1605695
2020-07-06;241819;2943502;719664;1630149
2020-07-07;241956;3000732;742417;1676848
2020-07-08;242149;3061038;767296;1722098
2020-07-09;242363;3120694;793802;1765060
2020-07-10;242639;3189553;820916;1809371
2020-07-11;242827;3249992;849522;1844318
2020-07-12;243061;3310124;878254;1867976
2020-07-13;243230;3369488;906752;1890869
2020-07-14;243344;3435150;936181;1933791
2020-07-15;243506;3501176;968857;1973933
2020-07-16;243736;3571990;1003832;2017616
2020-07-17;243967;3638462;1039084;2052234
2020-07-18;244216;3702784;1077781;2077987
2020-07-19;244434;3761716;1118206;2101399
2020-07-20;244624;3822379;1155338;2124152
2020-07-21;244752;3890573;1193078;2171079
2020-07-22;245032;3958118;1238798;2237229
2020-07-23;245338;4026004;1288108;2294555
2020-07-24;245590;4101151;1337024;2351458
2020-07-25;245864;4165351;1385635;2398993
2020-07-26;246118;4221190;1435616;2421666
2020-07-27;246286;4280914;1480073;2449677
2020-07-28;246488;4345744;1531669;2503681
2020-07-29;246776;4409872;1581963;2559132
2020-07-30;247158;4479113;1634746;2617187
2020-07-31;247537;4543689;1695988;2670451
2020-08-01;247832;4601267;1750723;2711992
2020-08-02;248070;4648376;1803695;2736058
2020-08-03;248229;4690060;1855745;2756164
2020-08-04;248419;4751717;1908254;2812447
2020-08-05;248803;4806065;1964536;2868616
2020-08-06;249204;4866245;2027074;2922605
2020-08-07;249756;4926832;2088611;2972008
2020-08-08;250103;4990765;2153010;3018397
2020-08-09;250566;5045032;2215074;3041127
2020-08-10;250825;5096649;2268675;3067633
2020-08-11;251237;5153604;2329638;3118153
2020-08-12;251713;5208848;2396637;3173107
2020-08-13;252235;5260504;2461190;3233820
2020-08-14;252809;5330629;2525922;3283227
2020-08-15;253438;5383025;2589952;3320108
2020-08-16;253915;5417687;2647663;3343114
2020-08-17;254235;5455536;2702681;3367511
2020-08-18;254636;5500438;2767253;3416775
2020-08-19;255278;5546322;2836925;3465378
2020-08-20;256118;5591450;2905825;3508352
2020-08-21;257065;5639041;2975701;3540678
2020-08-22;258136;5684714;3044940;3586586
2020-08-23;259345;5716625;3106348;3608459
2020-08-24;260298;5750548;3167323;3631972
2020-08-25;261174;5793221;3224547;3678279
2020-08-26;262540;5835294;3310234;3726431
2020-08-27;263949;5885812;3387500;3768691
2020-08-28;265409;5932282;3463972;3812779
2020-08-29;266853;5975384;3542733;3850070
2020-08-30;268218;6009515;3621245;3864604
2020-08-31;269214;6042877;3691166;3914829
2020-09-01;270189;6084855;3769523;3959158
2020-09-02;271515;6124816;3853406;4005611
2020-09-03;272912;6169957;3936747;4052420
2020-09-04;274644;6218291;4023179;4091959
2020-09-05;276338;6261914;4113811;4125816
2020-09-06;277634;6291033;4204613;4140488
2020-09-07;278784;6315596;4280422;4150004
2020-09-08;280153;6342340;4370128;4168790
2020-09-09;281583;6375978;4465863;4205877
2020-09-10;283180;6415426;4562414;4246638
2020-09-11;284796;6460049;4659984;4288171
2020-09-12;286297;6505632;4754356;4318971
2020-09-13;287753;6545923;4846427;4332991
2020-09-14;288761;6578488;4930236;4353602
2020-09-15;289990;6615666;5020359;4388154
2020-09-16;291442;6653958;5118253;4425451
2020-09-17;293025;6699277;5214677;4461856
2020-09-18;294932;6749462;5308014;4501587
2020-09-19;296569;6795239;5400619;4531145
2020-09-20;298156;6836849;5487580;4546587
2020-09-21;299506;6868892;5562663;4564222
2020-09-22;300897;6907163;5646010;4599189
2020-09-23;302537;6948282;5732518;4631915
2020-09-24;304323;6997165;5818570;4663930
2020-09-25;306235;7044301;5903932;4696240
2020-09-26;308104;7087848;5992532;4720958
2020-09-27;309870;7121627;6074702;4734745
2020-09-28;311364;7159366;6145291;4751616
2020-09-29;313011;7201399;6225763;4784464
2020-09-30;314861;7240031;6312584;4817365
2020-10-01;317409;7286275;6394068;4853148
2020-10-02;319908;7339718;6473544;4885966
2020-10-03;322751;7388999;6549373;4908974
2020-10-04;325329;7422130;6623815;4917689
2020-10-05;327586;7459487;6685082;4943742
2020-10-06;330263;7504032;6757131;4975268
2020-10-07;333940;7553169;6835655;5006206
2020-10-08;338398;7611059;6906151;5033036
2020-10-09;343770;7666138;6979423;5060769
2020-10-10;349494;7721505;7053806;5084513
2020-10-11;354950;7768405;7120538;5096704
2020-10-12;359569;7810485;7175880;5105340
2020-10-13;365467;7860608;7239389;5118699
2020-10-14;372799;7919050;7307097;5146543
2020-10-15;381602;7982587;7370468;5176969
2020-10-16;391611;8052761;7432680;5205565
2020-10-17;402536;8107593;7494551;5226341
2020-10-18;414241;8159763;7550273;5238392
2020-10-19;423578;8227645;7597063;5254971
2020-10-20;434449;8289382;7651107;5278737
2020-10-21;449648;8350088;7706946;5304593
2020-10-22;465726;8429709;7761312;5329357
2020-10-23;484869;8511369;7814682;5359358
2020-10-24;504509;8589745;7864811;5384342
2020-10-25;525782;8650720;7909959;5396596
2020-10-26;542789;8715284;7946429;5415207
2020-10-27;564778;8792507;7990322;5445189
2020-10-28;589766;8878983;8040203;5473540
2020-10-29;616595;8970275;8088851;5500240
2020-10-30;647674;9070124;8137119;5524593
2020-10-31;679430;9157467;8184082;5537763
2020-11-01;709335;9235297;8229313;5547951
2020-11-02;731588;9317104;8267623;5556200
2020-11-03;759829;9441870;8313876;5570782
2020-11-04;790377;9542132;8364086;5594098
2020-11-05;824879;9670213;8411724;5617943
2020-11-06;862681;9797269;8462080;5638143
2020-11-07;902490;9924333;8507754;5655887
2020-11-08;935104;10044007;8553657;5666389
2020-11-09;960373;10160963;8591730;5679803
2020-11-10;995463;10297515;8636011;5726227
2020-11-11;1028424;10445198;8683916;5752474
2020-11-12;1066401;10603994;8728795;5786393
2020-11-13;1107303;10783511;8773479;5825111
2020-11-14;1144552;10947561;8814579;5851389
2020-11-15;1178529;11087276;8845127;5865295
2020-11-16;1205881;11240363;8874290;5881039
2020-11-17;1238072;11405010;8912907;5916529
2020-11-18;1272352;11576980;8958483;5951281
2020-11-19;1308528;11769281;9004365;5987143
2020-11-20;1345767;11970947;9050597;6025913
2020-11-21;1380531;12150765;9095806;6056135
2020-11-22;1408868;12297352;9139865;6074061
2020-11-23;1431795;12478863;9177840;6092219
2020-11-24;1455022;12652423;9222216;6126752
2020-11-25;1480874;12832634;9266705;6171380
2020-11-26;1509875;12949883;9309787;6212265
2020-11-27;1538217;13164518;9351109;6245773
2020-11-28;1564532;13332741;9392919;6297258
2020-11-29;1585178;13473086;9431691;6318270
2020-11-30;1601554;13628000;9462809;6341965
2020-12-01;1620901;13825116;9499413;6393950
2020-12-02;1641610;14021279;9534964;6442425
2020-12-03;1664829;14241504;9571559;6492564
2020-12-04;1688939;14476875;9608211;6540235
2020-12-05;1709991;14698885;9644222;6580517
2020-12-06;1728878;14878212;9677203;6606947
2020-12-07;1742557;15073673;9703770;6633971
2020-12-08;1757394;15300729;9735850;6681767
2020-12-09;1770149;15516736;9767371;6736358
2020-12-10;1787147;15753677;9796744;6789908
2020-12-11;1805873;15992580;9826775;6842458
2020-12-12;1825775;16217114;9857029;6884782
2020-12-13;1843712;16408711;9884100;6906811
2020-12-14;1855737;16618540;9906165;6934191
2020-12-15;1870576;16844856;9932547;6982223
2020-12-16;1888144;17079661;9956557;7048347
2020-12-17;1906377;17319907;9979447;7117046
2020-12-18;1921778;17567852;10004599;7169899
2020-12-19;1938083;17773704;10031223;7218141
2020-12-20;1953185;17960901;10055560;7242625
2020-12-21;1964054;18157760;10075116;7270270
2020-12-22;1977370;18363692;10099066;7326935
2020-12-23;1991278;18585131;10123778;7372614
2020-12-24;2009317;18798079;10146845;7430825
2020-12-25;2028354;18925256;10169118;7452008
2020-12-26;2038759;19142696;10187850;7469541
2020-12-27;2047696;19278658;10207871;7487155
2020-12-28;2056277;19451961;10224303;7514592
2020-12-29;2067487;19657933;10244852;7570963
2020-12-30;2083689;19876230;10266674;7626563
2020-12-31;2107166;20191318;10286709;7681032
2021-01-01;2129376;20370221;10305788;7703971
2021-01-02;2141201;20642502;10323965;7719324
2021-01-03;2155446;20845903;10340469;7736514
2021-01-04;2166244;21031406;10356844;7761553
2021-01-05;2181619;21264271;10374932;7819636
2021-01-06;2201945;21524035;10395278;7882143
2021-01-07;2220361;21810279;10413417;7970112
2021-01-08;2237890;22114348;10413417;8029698
2021-01-09;2257866;22379088;10450284;8081091
2021-01-10;2276491;22589931;10466595;8110118
2021-01-11;2289021;22793895;10479179;8140865
2021-01-12;2303263;23015707;10495147;8205289
2021-01-13;2319036;23245038;10512093;8265116
2021-01-14;2336279;23480615;10527683;8333445
2021-01-15;2352423;23725614;10542841;8402542
2021-01-16;2368733;23943302;10557985;8460987
2021-01-17;2381277;24119857;10571773;8492403
2021-01-18;2390102;24260685;10581823;8521336
2021-01-19;2400598;24417580;10595639;8583485
2021-01-20;2414166;24604963;10610883;8647962
2021-01-21;2428221;24797515;10625428;8706912
2021-01-22;2441854;24989290;10639684;8763517
2021-01-23;2455185;25167466;10654533;8821815
2021-01-24;2466813;25307611;10667736;8850334
2021-01-25;2475372;25437212;10676838;8880864
2021-01-26;2485956;25588220;10689527;8942472
2021-01-27;2501147;25743676;10701193;9007244
2021-01-28;2515507;25910440;10720048;9068004
2021-01-29;2529070;26074183;10733130;9127507
2021-01-30;2541783;26225123;10746174;9180621
2021-01-31;2553032;26337982;10757610;9208521
2021-02-01;2560957;26463298;10766245;9237011
2021-02-02;2570608;26580328;10777284;9293289
2021-02-03;2583790;26704700;10790183;9347703
2021-02-04;2597446;26829731;10802591;9404810
2021-02-05;2611659;26960843;10814304;9456500
2021-02-06;2625098;27077703;10826363;9502810
2021-02-07;2636738;27167132;10838194;9528972
2021-02-08;2644707;27249931;10847304;9557558
2021-02-09;2655319;27345312;10858371;9608775
2021-02-10;2668266;27440595;10871294;9669883
2021-02-11;2683403;27547367;10880603;9723487
2021-02-12;2697296;27647949;10892746;9772429
2021-02-13;2710819;27738707;10904940;9817285
2021-02-14;2721879;27807015;10916589;9848008
2021-02-15;2729223;27862463;10925710;9873816
2021-02-16;2739591;27921685;10937320;9939100
2021-02-17;2751657;27990530;10950201;9986325
2021-02-18;2765412;28063110;10963394;10039804
2021-02-19;2780882;28138268;10977387;10091961
2021-02-20;2795796;28212051;10991651;10144332
2021-02-21;2809246;28267316;11005850;10173817
2021-02-22;2818863;28322800;11016434;10205663
2021-02-23;2832162;28396660;11030176;10269248
2021-02-24;2848564;28471685;11046914;10334634
2021-02-25;2868435;28548964;11063491;10402913
2021-02-26;2888923;28624384;11079979;10466308
2021-02-27;2907825;28695673;11096731;10524726
2021-02-28;2925265;28747437;11112241;10558091
2021-03-01;2938371;28797877;11124527;10598476
2021-03-02;2955434;28856295;11139516;10658171
2021-03-03;2976274;28923346;11156923;10731070
2021-03-04;2999119;28992290;11173761;10807092
2021-03-05;3023129;29060169;11192045;10879597
2021-03-06;3046762;29121200;11210799;10946501
2021-03-07;3067486;29162811;11229398;11028185
2021-03-08;3081368;29206903;11244786;11064770
2021-03-09;3101093;29262406;11262707;11136064
2021-03-10;3123368;29320178;11285561;11217531
2021-03-11;3149017;29381970;11308846;11294602
2021-03-12;3175807;29444575;11333728;11377073
2021-03-13;3201838;29501395;11359048;11447416
2021-03-14;3223142;29540670;11385339;11490864
2021-03-15;3238394;29591704;11409831;11535178
2021-03-16;3258770;29645771;11438734;11620823
2021-03-17;3281810;29705046;11474605;11709475
2021-03-18;3306711;29767436;11514331;11797401
2021-03-19;3332418;29829068;11555284;11885660
2021-03-20;3356331;29887935;11599130;11958814
2021-03-21;3376376;29923313;11646081;12006259
2021-03-22;3400877;29970737;11686796;12062229
2021-03-23;3419616;30023595;11734058;12147437
2021-03-24;3440862;30111352;11787534;12238343
2021-03-25;3464543;30178979;11846652;12336604
2021-03-26;3488619;30255350;11908910;12416950
2021-03-27;3512453;30319405;11971624;12498653
2021-03-28;3532057;30365725;12039644;12545611
2021-03-29;3544957;30431597;12095855;12588226
2021-03-30;3561012;30493287;12149335;12674667
2021-03-31;3584899;30562817;12221665;12763392
2021-04-01;3607083;30639673;12303131;12851165
2021-04-02;3629000;30713698;12392260;12920540
2021-04-03;3650247;30778578;12485509;12959895
2021-04-04;3668264;30816500;12589067;12992213
2021-04-05;3678944;30883587;12686049;13034887
2021-04-06;3686707;30946413;12801785;13120019
2021-04-07;3700393;31022190;12928574;13208715
2021-04-08;3717602;31102256;13060542;13297270
2021-04-09;3736526;31187009;13205926;13385380
2021-04-10;3754077;31257544;13358805;13451932
2021-04-11;3769814;31305000;13527717;13491107
2021-04-12;3779594;31367183;13689453;13530757
2021-04-13;3793033;31448024;13873825;13613418
2021-04-14;3809193;31523628;14074564;13688024
2021-04-15;3826156;31597610;14291917;13759207
2021-04-16;3842079;31681083;14526609;13843594
2021-04-17;3857443;31736570;14788003;13912159
2021-04-18;3870131;31780399;15061805;13950997
2021-04-19;3878994;31838945;15320972;13987519
2021-04-20;3891063;31901385;15616130;14060162
2021-04-21;3904899;31965732;15930774;14134150
2021-04-22;3920945;32032451;16263695;14182258
2021-04-23;3935703;32095346;16610481;14251539
2021-04-24;3949517;32150318;16960172;14315320
2021-04-25;3962674;32185087;17313163;14348961
2021-04-26;3971114;32227374;17636186;14381359
2021-04-27;3981512;32279656;17997113;14457203
2021-04-28;3994894;32334842;18376421;14534482
2021-04-29;4009208;32393667;18762976;14603096
2021-04-30;4022653;32451770;19164969;14675104
2021-05-01;4035617;32500546;19557457;14733396
2021-05-02;4044762;32531102;19925517;14762684
2021-05-03;4050708;32575724;20282833;14801673
2021-05-04;4059821;32618619;20664979;14871208
2021-05-05;4070400;32664662;21077410;14947580
2021-05-06;4082198;32710841;21491598;15019870
2021-05-07;4092747;32759256;21892676;15096714
2021-05-08;4102921;32794911;22296081;15158475
2021-05-09;4111210;32817781;22662575;15191195
2021-05-10;4116287;32850157;22992517;15227496
2021-05-11;4123230;32885635;23340938;15297602
2021-05-12;4131078;32921786;23703665;15373850
2021-05-13;4139160;32960522;24046809;15453880
2021-05-14;4146722;33002739;24372907;15531794
2021-05-15;4153374;33033497;24684077;15599145
2021-05-16;4159122;33051189;24965463;15636709
2021-05-17;4162576;33076430;25228996;15672307
2021-05-18;4167025;33105346;25496330;15747112
2021-05-19;4172525;33134951;25772440;15827375
2021-05-20;4178261;33165168;26031991;15910762
2021-05-21;4183476;33193993;26289290;15987393
2021-05-22;4188190;33215206;26530132;16055289
2021-05-23;4192183;33228990;26752447;16093784
2021-05-24;4194672;33250862;26948874;16131264
2021-05-25;4197892;33275452;27157795;16205305
2021-05-26;4201827;33300048;27369093;16285550
2021-05-27;4205970;33326890;27555457;16350081
2021-05-28;4209707;33349132;27729247;16403969
2021-05-29;4213055;33362443;27894800;16479832
2021-05-30;4216003;33369797;28047534;16521281
2021-05-31;4217821;33376072;28175044;16557888
2021-06-01;4220304;33396925;28307832;16636801
2021-06-02;4223200;33413638;28441986;16733079
2021-06-03;4225163;33432033;28574350;16809146
2021-06-04;4227719;33449898;28694879;16852317
2021-06-05;4230153;33465502;28809339;16913984
2021-06-06;4232428;33471518;28909975;16954327
2021-06-07;4233698;33485588;28996473;16994043
2021-06-08;4235592;33498627;29089069;17049756
2021-06-09;4237790;33517192;29182532;17134623
2021-06-10;4239868;33531973;29274823;17225867
2021-06-11;4241760;33557124;29359155;17312179
2021-06-12;4243482;33566284;29439989;17385952
2021-06-13;4244872;33571554;29510410;17422936
2021-06-14;4245779;33583340;29570881;17465628
2021-06-15;4247032;33594069;29633105;17552769
2021-06-16;4248432;33605976;29700313;17639297
2021-06-17;4249755;33617739;29762793;17715789
2021-06-18;4250902;33638921;29823546;17811233
2021-06-19;4252095;33647974;29881772;17889167
2021-06-20;4252976;33652895;29935221;17933754
2021-06-21;4253460;33663449;29977861;17979164
2021-06-22;4254294;33674244;30028709;18103412
2021-06-23;4255434;33686909;30082778;18180808
2021-06-24;4255700;33701384;30134445;18257432
2021-06-25;4256451;33725986;30183143;18332493
2021-06-26;4257289;33735356;30233183;18393158
2021-06-27;4258069;33739978;30279331;18425138
2021-06-28;4258456;33753600;30316897;18457197
2021-06-29;4259133;33761075;30362848;18523153
2021-06-30;4259909;33776427;30411634;18570296
2021-07-01;4260788;33791547;30458251;18631426
2021-07-02;4261582;33821303;30502362;18694998
2021-07-03;4262511;33826717;30545433;18748731
2021-07-04;4263317;33831002;30585229;18774193
2021-07-05;4263797;33839904;30619932;18802128
2021-07-06;4264704;33862186;30663665;18863811
2021-07-07;4265714;33882362;30709557;18917978
2021-07-08;4267105;33903225;30752950;18972125
2021-07-09;4268491;33950819;30795716;19030577
2021-07-10;4269885;33960938;30837222;19074698
2021-07-11;4271276;33972685;30874376;19093845
2021-07-12;4272163;34002108;30907282;19113078
2021-07-13;4273693;34028638;30946147;19161644
2021-07-14;4275846;34059763;30987880;19217741
2021-07-15;4278319;34091724;31026829;19272139
2021-07-16;4281214;34169834;31064908;19315054
2021-07-17;4284332;34183936;31106065;19364084
2021-07-18;4287458;34204265;31144229;19380831
2021-07-19;4289528;34253108;31174322;19397587
2021-07-20;4293083;34292835;31216337;19428736
2021-07-21;4297337;34340567;31257720;19484572
2021-07-22;4302393;34397095;31293062;19533253
2021-07-23;4307535;34517897;31332159;19640373
2021-07-24;4312673;34546641;31371901;19675021
2021-07-25;4317415;34574613;31411262;19693277
2021-07-26;4320530;34653986;31440951;19714719
2021-07-27;4325046;34718979;31484605;19758310
2021-07-28;4330739;34792553;31528114;19805359
2021-07-29;4336906;34865111;31572344;19846680
2021-07-30;4343519;35056558;31613993;19887058
2021-07-31;4350028;35100449;31655824;19922146
2021-08-01;4355348;35145018;31695958;19942499
2021-08-02;4358533;35253379;31726507;19961374
2021-08-03;4363374;35351132;31769132;19993870
2021-08-04;4369964;35453571;31812114;20034407
2021-08-05;4377188;35563265;31856757;20073891
2021-08-06;4383787;35815162;31895385;20116562
2021-08-07;4390684;35878167;31934455;20156095
2021-08-08;4396417;35913043;31969954;20169989
2021-08-09;4400617;36072835;31998158;20185531
2021-08-10;4406241;36190632;32036511;20220993
2021-08-11;4413162;36345074;32077706;20256436
2021-08-12;4420429;36489152;32117826;20292294
2021-08-13;4427827;36715975;32156493;20325289
2021-08-14;4435008;36789042;32192576;20354591
2021-08-15;4440669;36835830;32225513;20368358
2021-08-16;4444338;37030187;32250679;20386548
2021-08-17;4449606;37180773;32285857;20425554
2021-08-18;4456765;37348381;32322258;20465725
2021-08-19;4464005;37503602;32358829;20501738
2021-08-20;4471225;37742675;32393286;20535951
2021-08-21;4478691;37834871;32424234;20561273
2021-08-22;4484613;37879074;32449306;20575218
2021-08-23;4488779;38087302;32474773;20590872
2021-08-24;4494857;38241765;32512366;20622681
2021-08-25;4502396;38420742;32558530;20652660
2021-08-26;4509611;38604512;32603188;20683583
2021-08-27;4517434;38843187;32649947;20711339
2021-08-28;4524292;38922076;32695030;20734286
2021-08-29;4530246;38974089;32737939;20745549
2021-08-30;4534499;39203310;32768880;20758350
2021-08-31;4539991;39383263;32810845;20785196
2021-09-01;4546487;39573780;32857937;20810944
2021-09-02;4553241;39752917;32903289;20837967
2021-09-03;4559970;39988360;32945907;20861571
2021-09-04;4566126;40074269;32988673;20881896
2021-09-05;4571440;40137774;33027621;20894557
2021-09-06;4574787;40231516;33058843;20904729
2021-09-07;4579502;40440693;33096718;20918333
2021-09-08;4585423;40617609;33139981;20932515
2021-09-09;4590941;40784031;33174954;20965338
2021-09-10;4596558;41026051;33208330;20981793
2021-09-11;4601749;41115182;33236921;20995555
2021-09-12;4606413;41163532;33264175;21003416
2021-09-13;4609205;41374311;33289579;21012064
2021-09-14;4613214;41519716;33316755;21025635
2021-09-15;4618040;41692966;33347325;21038911
2021-09-16;4623155;41851751;33381728;21074358
2021-09-17;4627699;42062610;33417390;21109695
2021-09-18;4632275;42137582;33448163;21234573
2021-09-19;4636111;42182454;33478419;21243748
2021-09-20;4638516;42354258;33504534;21253033
2021-09-21;4641890;42475998;33531498;21268413
2021-09-22;4645853;42607352;33563421;21300996
2021-09-23;4649906;42736516;33594803;21325913
2021-09-24;4653696;42911284;33624419;21344578
2021-09-25;4657215;42971779;33652745;21358441
2021-09-26;4660314;43026096;33678786;21367297
2021-09-27;4662087;43182040;33697581;21376642
2021-09-28;4665049;43294789;33716451;21393526
2021-09-29;4668261;43416174;33739980;21410411
2021-09-30;4672355;43526567;33766707;21432362
2021-10-01;4675758;43681391;33791061;21450424
2021-10-02;4679067;43729595;33813903;21462810
2021-10-03;4682034;43774372;33834702;21471963
2021-10-04;4683646;43917295;33853048;21483481
2021-10-05;4686109;44012523;33871881;21505626
2021-10-06;4689341;44124697;33894312;21524172
2021-10-07;4692274;44226224;33915569;21538788
2021-10-08;4695291;44357640;33935309;21557323
2021-10-09;4698038;44396469;33953475;21572127
2021-10-10;4700316;44436139;33971607;21580539
2021-10-11;4701832;44532204;33985920;21587532
2021-10-12;4704318;44642813;34001743;21594887
2021-10-13;4707087;44751269;34020730;21603259
2021-10-14;4709753;44838218;34037592;21618491
2021-10-15;4712482;44947702;34053573;21632789
2021-10-16;4715464;44987486;34067719;21642550
2021-10-17;4717899;45019144;34081315;21648735
2021-10-18;4719493;45118097;34094373;21658054
2021-10-19;4722188;45200009;34108996;21671287
2021-10-20;4725887;45291625;34127450;21686995
2021-10-21;4729678;45369712;34143236;21703981
2021-10-22;4733557;45465663;34159562;21717379
2021-10-23;4737462;45498082;34175468;21729284
2021-10-24;4741185;45517253;34189774;21733820
2021-10-25;4743720;45629825;34202202;21741647
2021-10-26;4747773;45696477;34215653;21754992
2021-10-27;4752368;45799044;34231809;21772116
2021-10-28;4757231;45874141;34246157;21785802
2021-10-29;4762563;45969247;34260470;21798483
2021-10-30;4767440;46003539;34273300;21808495
2021-10-31;4771965;46035864;34285814;21814625
2021-11-01;4774783;46149120;34296237;21819251
2021-11-02;4777614;46217861;34308140;21825169
2021-11-03;4782802;46303454;34321025;21841479
2021-11-04;4788704;46384893;34333754;21854726
2021-11-05;4795465;46481755;34344683;21867724
2021-11-06;4802225;46516617;34355509;21878897
2021-11-07;4808047;46553445;34366987;21884558
2021-11-08;4812594;46664197;34377113;21891439
2021-11-09;4818705;46742558;34388579;21903249
2021-11-10;4826738;46837627;34401670;21918229
2021-11-11;4835435;46895271;34414186;21933767
2021-11-12;4843957;47038778;34426036;21948366
2021-11-13;4852496;47082730;34437307;21957724
2021-11-14;4860061;47114642;34447536;21962026
2021-11-15;4865260;47248685;34456401;21964769
2021-11-16;4873075;47335955;34466598;21971337
2021-11-17;4883242;47448796;34478517;21984449
2021-11-18;4893887;47558631;34489623;21995851
2021-11-19;4904441;47685499;34499925;22008224
2021-11-20;4915981;47730859;34510413;22016439
2021-11-21;4925688;47770691;34518901;22021527
2021-11-22;4932091;47915310;34526480;22025668
2021-11-23;4942135;48006656;34535763;22038108
2021-11-24;4954585;48118232;34544882;22050362
2021-11-25;4968341;48157551;34555431;22062645
2021-11-26;4982022;48210972;34563749;22073524
2021-11-27;4994891;48237511;34572523;22081833
2021-11-28;5007818;48280660;34580832;22085369
2021-11-29;5015790;48466957;34587822;22089858
2021-11-30;5028547;48584064;34596776;22100143
2021-12-01;5043620;48721172;34606541;22112425
2021-12-02;5060430;48860022;34615757;22124356
2021-12-03;5077445;49018639;34624360;22134978
2021-12-04;5094072;49084981;34624360;22142385
2021-12-05;5109082;49140165;34641561;22147078
2021-12-06;5118576;49317854;34648383;22153095
2021-12-07;5134318;49431115;34656822;22163231
2021-12-08;5152264;49581023;34666241;22173363
2021-12-09;5164780;49705551;34674643;22182116
2021-12-10;5185270;49863757;34682633;22189181
2021-12-11;5206305;49920345;34690510;22191865
2021-12-12;5225517;49972652;34697860;22193480
2021-12-13;5238221;50158140;34703644;22196250
2021-12-14;5258886;50273168;34710628;22200629
2021-12-15;5282076;50416801;34718602;22205707
2021-12-16;5308180;50558528;34726049;22209368
2021-12-17;5336795;50751185;34726049;22213731
2021-12-18;5364852;50830946;34733194;22216112
2021-12-19;5389155;50920144;34746838;22217570
2021-12-20;5405360;51160189;34752164;22220209
2021-12-21;5436143;51339587;34758481;22223943
2021-12-22;5472469;51583336;34765976;22227169
2021-12-23;5517054;51853097;34772626;22230943
2021-12-24;5567644;52101609;34779815;22234623
2021-12-25;5622431;52188262;34786802;22238297
2021-12-26;5647313;52366648;34793333;22243266
2021-12-27;5678112;52867211;34799691;22250218
2021-12-28;5756412;53229245;34808886;22259270
2021-12-29;5854428;53731351;34822040;22269031
2021-12-30;5981428;54322045;34838804;22281649
2021-12-31;6125683;54835663;34861579;22291839
2022-01-01;6266939;55024422;34889132;22295621
2022-01-02;6328076;55310374;34922882;22297427
2022-01-03;6396110;56355333;34960261;22309081
2022-01-04;6566947;57167531;35018358;22328252
2022-01-05;6756035;57830116;35109286;22351104
2022-01-06;6975465;58665151;35226386;22386930
2022-01-07;7083762;59534891;35368372;22450222
2022-01-08;7281297;59932581;35528004;22499525
2022-01-09;7436939;60417608;35707727;22529183
2022-01-10;7554344;61801516;35875790;22563104
2022-01-11;7774863;62588902;36070510;22636359
2022-01-12;7971068;63437553;36317927;22724232
2022-01-13;8155645;64298905;36582129;22822177
2022-01-14;8356514;65178977;36850962;22933289
2022-01-15;8549450;65587283;37122164;22981851
2022-01-16;8706915;66067077;37380253;23015128
2022-01-17;8790302;66742169;37618271;23089509
2022-01-18;9018425;67871686;37901241;23229851
2022-01-19;9219391;68779811;38218773;23425392
2022-01-20;9418256;69512417;38566027;23595178
2022-01-21;9603856;70353490;38903731;23766499
2022-01-22;9781191;70655996;39237264;23931609
2022-01-23;9923678;71021436;39543328;24054405
2022-01-24;10001344;71943508;39799202;24142032
2022-01-25;10212621;72436709;40085116;24342322
2022-01-26;10383561;73060755;40371500;24560093
2022-01-27;10539601;73567045;40622709;24789795
2022-01-28;10683948;74181125;40858241;25050601
2022-01-29;10821375;74359750;41092522;25256198
2022-01-30;10925485;74557714;41302440;25360647
2022-01-31;10983116;75099972;41469499;25463530
2022-02-01;11116422;75425389;41630885;25634781
2022-02-02;11235745;75754923;41803318;25820745
2022-02-03;11348701;76029736;41952712;26107894
2022-02-04;11449601;76384703;42080664;26326454
2022-02-05;11542793;76471134;42188138;26484546
2022-02-06;11621736;76554613;42272014;26546399
2022-02-07;11663338;76901058;42339611;26616014
2022-02-08;11765767;77115422;42410976;26793497
2022-02-09;11847436;77303836;42478060;26972914
2022-02-10;11923631;77475250;42536137;27135550
2022-02-11;11991109;77684566;42586544;27299336
2022-02-12;12053330;77736431;42631421;27434286
2022-02-13;12105675;77794750;42665534;27492904
2022-02-14;12134451;77964937;42692943;27552267
2022-02-15;12205474;78076098;42723558;27677468
2022-02-16;12265343;78190918;42754315;27819996
2022-02-17;12323398;78292607;42780235;27940119
2022-02-18;12377098;78437778;42802505;28072238
2022-02-19;12427773;78469184;42822473;28177367
2022-02-20;12469975;78492186;42838524;28218180
2022-02-21;12494459;78575071;42851929;28258458
2022-02-22;12554596;78664409;42867031;28361951
2022-02-23;12603758;78749551;42881179;28493336
2022-02-24;12651251;78816625;42894345;28589235
2022-02-25;12693320;78890998;42905844;28679671
2022-02-26;12732680;78938412;42916117;28749552
2022-02-27;12764558;78956632;42924130;28776794
2022-02-28;12782836;79055551;42931045;28796571
2022-03-01;12829972;79102258;42938599;28818850
2022-03-02;12867918;79155658;42945160;28846495
2022-03-03;12910506;79204268;42951556;28906672
2022-03-04;12948859;79255527;42957477;28978052
2022-03-05;12990223;79270446;42962953;29040800
2022-03-06;13026112;79282840;42967315;29056525
2022-03-07;13048774;79346926;42971308;29077831
2022-03-08;13109527;79376679;42975883;29152318
2022-03-09;13159342;79414378;42980067;29198101
2022-03-10;13214498;79460953;42984261;29259206
2022-03-11;13268459;79510663;42987875;29313228
2022-03-12;13323179;79520880;42990991;29361024
2022-03-13;13373207;79531930;42993494;29374833
2022-03-14;13402905;79567315;42996062;29391345
2022-03-15;13489319;79591689;42998938;29441039
2022-03-16;13563466;79637818;43001477;29488777
2022-03-17;13645834;79690990;43004005;29532810
2022-03-18;13724411;79722344;43006080;29584800
2022-03-19;13800179;79733223;43007841;29624435
2022-03-20;13861743;79744672;43009390;29637814
2022-03-21;13895188;79786943;43010971;29650082
2022-03-22;13992092;79811504;43012749;29691641
2022-03-23;14070450;79852519;43014687;29738362
2022-03-24;14153098;79895512;43016372;29775568
2022-03-25;14229495;79941948;43018032;29809769
2022-03-26;14304111;79951381;43019453;29839103
2022-03-27;14364723;79963172;43020723;29849740
2022-03-28;14396283;80002143;43021982;29857641
2022-03-29;14496579;80026322;43023215;29887191
2022-03-30;14567990;80065501;43024440;29920604
2022-03-31;14642354;80111135;43025775;29951670
2022-04-01;14719394;80143352;43027035;29978513
2022-04-02;14790806;80155159;43028131;29995575
2022-04-03;14845815;80159914;43029044;30002785
2022-04-04;14877144;80188822;43029839;30015357
2022-04-05;14966058;80214425;43030925;30042272
2022-04-06;15035943;80255371;43031958;30069094
2022-04-07;15106066;80306007;43033067;30095328
2022-04-08;15173707;80381032;43034217;30125540
2022-04-09;15238128;80393743;43035271;30146769
2022-04-10;15292048;80403277;43036132;30153979
2022-04-11;15320753;80443621;43036928;30161909
2022-04-12;15404809;80479367;43038016;30184286
2022-04-13;15467395;80534752;43039023;30210934
2022-04-14;15533012;80585416;43039972;30234024
2022-04-15;15595302;80620852;43040947;30247302
2022-04-16;15659835;80633184;43042097;30250077
2022-04-17;15712088;80640687;43044280;30252618
2022-04-18;15730676;80702081;43045527;30261088
2022-04-19;15758002;80741347;43047594;30275219
2022-04-20;15858442;80810287;43049974;30311969
2022-04-21;15934437;80871984;43052425;30330629
2022-04-22;16008181;80962033;43054952;30338697
2022-04-23;16079209;80981764;43057545;30345808
2022-04-24;16136057;80995254;43060086;30349463
2022-04-25;16161339;81065467;43060097;30355919
2022-04-26;16191323;81110815;43065496;30378061
2022-04-27;16279754;81200835;43068799;30399004
2022-04-28;16349788;81278191;43072176;30418920
2022-04-29;16409183;81339375;43075864;30433042
2022-04-30;16463200;81363361;43079188;30448236
2022-05-01;16504791;81380063;43082345;30454499
2022-05-02;16523859;81474767;43084913;30460997
2022-05-03;16586268;81524363;43088118;30482429
2022-05-04;16633911;81636392;43091393;30502501
2022-05-05;16682626;81724940;43094938;30524183
2022-05-06;16726990;81853698;43098743;30543908
2022-05-07;16767773;81881504;43102194;30558530
2022-05-08;16798998;81887248;43105401;30564536
2022-05-09;16816419;82017277;43107689;30574245
2022-05-10;16872618;82087487;43110586;30594388
2022-05-11;16915301;82247649;43113413;30617786
2022-05-12;16954784;82361623;43116254;30639130
2022-05-13;16993813;82448937;43119112;30664739
2022-05-14;17030147;82465889;43121599;30682094
2022-05-15;17057873;82490649;43123801;30688390
2022-05-16;17071649;82668164;43125370;30701900
2022-05-17;17116550;82750993;43127199;30701900
2022-05-18;17147477;82959792;43129563;30701900
2022-05-19;17178199;83092184;43131822;30701900
2022-05-20;17205017;83238493;43134145;30762413
2022-05-21;17229263;83263921;43136371;30762413
2022-05-22;17247552;83282408;43138393;30791220
2022-05-23;17257573;83390587;43140068;30803995
2022-05-24;17288287;83501457;43142192;30836815
2022-05-25;17312432;83718160;43144820;30851191
2022-05-26;17333299;83837114;43147530;30880512
2022-05-27;17355119;83969313;43150215;30921145
